City_ID,City,Country,Lat,Lng,Max Temp,Humidity,Cloudiness,Wind Speed,Current Description
0,Bethel,US,41.3712,-73.414,44.85,82,100,1.99,overcast clouds
1,Atuona,PF,-9.8,-139.0333,78.82,75,12,21.85,few clouds
2,Ushuaia,AR,-54.8,-68.3,40.66,75,75,6.91,moderate rain
3,Yaan,NG,7.3833,8.5667,75.85,29,3,10.4,clear sky
4,Qaanaaq,GL,77.484,-69.3632,-14.21,75,1,5.97,clear sky
5,Saint-Francois,FR,46.4154,3.9054,40.44,100,100,0.0,fog
6,Grevesmuhlen,DE,53.8667,11.1833,38.79,91,8,12.68,clear sky
7,Torbay,CA,47.6666,-52.7314,30.27,92,75,6.91,broken clouds
8,Mataura,NZ,-46.1927,168.8643,69.35,64,96,3.44,overcast clouds
9,Hermanus,ZA,-34.4187,19.2345,70.07,78,6,5.32,clear sky
10,Borujerd,IR,33.8973,48.7516,30.43,43,0,1.23,clear sky
11,Hithadhoo,MV,-0.6,73.0833,80.71,68,2,10.96,clear sky
12,Honningsvag,NO,70.9821,25.9704,28.15,69,20,16.11,light snow
13,Nova Vicosa,BR,-17.8919,-39.3719,70.57,91,90,4.52,overcast clouds
14,Gold Coast,AU,-28.0,153.4333,78.87,99,100,9.22,overcast clouds
15,Kontagora,NG,10.3999,5.4695,66.99,33,2,7.16,clear sky
16,Kodiak,US,57.79,-152.4072,35.11,80,75,3.44,broken clouds
17,Arraial Do Cabo,BR,-22.9661,-42.0278,72.27,89,9,20.62,clear sky
18,Busselton,AU,-33.65,115.3333,85.37,38,0,4.23,clear sky
19,Sokoni,TZ,-6.4333,39.55,85.86,68,26,13.18,scattered clouds
20,Tezu,IN,27.9167,96.1667,74.41,30,0,3.51,clear sky
21,Nelson Bay,AU,-32.7167,152.15,78.1,73,0,18.99,clear sky
22,Maumere,ID,-8.6199,122.2111,80.98,81,97,11.9,overcast clouds
23,Sorong,ID,-0.8833,131.25,84.02,68,100,5.88,overcast clouds
24,Cap Malheureux,MU,-19.9842,57.6142,85.46,58,92,8.99,overcast clouds
25,East London,ZA,-33.0153,27.9116,72.54,83,0,4.61,clear sky
26,Esperance,AU,-33.8667,121.9,68.49,62,0,19.69,clear sky
27,New Norfolk,AU,-42.7826,147.0587,58.71,63,100,4.43,overcast clouds
28,Kunming,CN,25.0389,102.7183,51.73,62,75,13.42,broken clouds
29,Pilar,BR,-9.5972,-35.9567,73.33,92,100,3.62,overcast clouds
30,Karoi,ZW,-16.8099,29.6925,64.38,90,100,1.14,overcast clouds
31,Cidreira,BR,-30.1811,-50.2056,71.22,92,10,10.42,clear sky
32,Punta Arenas,CL,-53.15,-70.9167,44.71,87,40,23.02,scattered clouds
33,Wenling,CN,28.3669,121.36,44.35,84,100,12.08,overcast clouds
34,Ust-Shonosha,RU,61.1531,41.343,2.59,100,100,4.14,overcast clouds
35,Bengkulu,ID,-3.8004,102.2655,81.5,71,100,7.52,overcast clouds
36,Jacareacanga,BR,-6.2222,-57.7528,71.08,99,100,1.07,overcast clouds
37,Lompoc,US,34.6391,-120.4579,52.52,94,0,13.8,light rain
38,Albany,US,42.6001,-73.9662,33.73,94,100,1.12,overcast clouds
39,Mahebourg,MU,-20.4081,57.7,85.24,65,40,4.61,scattered clouds
40,Moose Factory,CA,51.2585,-80.6094,17.6,93,100,6.91,overcast clouds
41,Avarua,CK,-21.2078,-159.775,80.65,89,75,8.05,light rain
42,Port Lincoln,AU,-34.7333,135.8667,64.38,58,1,18.88,clear sky
43,Mount Gambier,AU,-37.8333,140.7667,62.31,52,35,11.48,scattered clouds
44,Moussoro,TD,13.6408,16.4901,63.21,30,0,18.14,clear sky
45,Chowchilla,US,37.123,-120.2602,46.42,87,100,16.11,overcast clouds
46,Rikitea,PF,-23.1203,-134.9692,78.03,77,75,11.61,broken clouds
47,Beyneu,KZ,45.3167,55.2,39.31,62,20,20.02,few clouds
48,Flinders,AU,-34.5833,150.8552,75.06,79,32,4.99,scattered clouds
49,Kapaa,US,22.0752,-159.319,75.52,89,40,1.01,scattered clouds
50,Lebu,CL,-37.6167,-73.65,54.48,83,0,12.17,clear sky
51,Saskylakh,RU,71.9167,114.0833,-16.89,97,100,8.7,overcast clouds
52,Santo Antonio Do Ica,BR,-3.1022,-67.9397,70.3,100,100,1.57,overcast clouds
53,Praia Da Vitoria,PT,38.7333,-27.0667,59.25,82,40,14.14,scattered clouds
54,Betong,TH,5.7743,101.0723,80.02,77,87,4.12,overcast clouds
55,La Victoria,VE,10.2184,-67.3302,65.39,87,1,4.07,clear sky
56,Kahramanmaras,TR,38.0,37.0,37.58,27,0,1.23,clear sky
57,Butaritari,KI,3.0707,172.7902,80.78,74,94,10.0,overcast clouds
58,Abha,SA,18.2164,42.5053,61.05,45,0,0.0,clear sky
59,Bredasdorp,ZA,-34.5322,20.0403,76.15,66,33,6.26,scattered clouds
60,Alihe,CN,50.5667,123.7167,7.63,82,0,3.65,clear sky
61,Cayenne,GF,4.9333,-52.3333,73.44,94,99,4.61,moderate rain
62,Shenjiamen,CN,29.9576,122.298,47.07,61,16,13.44,few clouds
63,Chiredzi,ZW,-21.05,31.6667,84.54,46,0,5.01,clear sky
64,Jalu,LY,29.0331,21.5482,55.0,78,1,10.13,clear sky
65,Sao Cristovao,BR,-11.0147,-37.2064,78.71,83,40,8.05,scattered clouds
66,Evensk,RU,61.95,159.2333,-3.28,65,96,12.41,overcast clouds
67,Asau,RO,46.4333,26.4,29.32,76,29,6.38,scattered clouds
68,Paamiut,GL,61.994,-49.6678,3.11,66,20,8.66,few clouds
69,Mar Del Plata,AR,-38.0023,-57.5575,60.87,88,0,4.61,clear sky
70,Vaini,TO,-21.2,-175.2,78.96,94,75,9.22,broken clouds
71,Bluff,NZ,-46.6,168.3333,61.92,77,100,12.59,overcast clouds
72,Labuhan,ID,-6.8844,112.2051,83.62,75,100,16.26,overcast clouds
73,Naryan-Mar,RU,67.6713,53.087,-2.18,97,98,7.72,overcast clouds
74,Kushiro,JP,42.975,144.3747,22.15,42,20,11.5,few clouds
75,Katsuura,JP,35.1333,140.3,47.88,49,21,3.83,few clouds
76,Tiksi,RU,71.6872,128.8694,-9.74,97,100,7.65,overcast clouds
77,Mollendo,PE,-17.0231,-72.0147,68.13,88,100,5.88,overcast clouds
78,Aketi,CD,2.7388,23.7833,76.12,69,98,1.99,light rain
79,Kirakira,SB,-10.4544,161.9205,80.55,85,100,7.43,moderate rain
80,San Patricio,US,28.017,-97.5169,74.17,96,98,12.28,overcast clouds
81,Tasiilaq,GL,65.6145,-37.6368,-1.07,72,85,3.67,overcast clouds
82,Cape Town,ZA,-33.9258,18.4232,77.11,68,0,5.75,clear sky
83,Yellowknife,CA,62.456,-114.3525,3.72,85,100,15.01,light snow
84,Hilo,US,19.7297,-155.09,71.33,87,0,4.61,clear sky
85,Zhanaozen,KZ,43.3,52.8,44.2,82,99,12.08,overcast clouds
86,Codrington,AU,-38.2667,141.9667,59.76,62,99,14.14,overcast clouds
87,Kamaishi,JP,39.2667,141.8833,31.84,61,19,15.82,few clouds
88,Cherskiy,RU,68.75,161.3,-48.77,100,84,4.85,broken clouds
89,Durango,MX,24.8333,-104.8333,41.0,84,10,5.91,clear sky
90,Salalah,OM,17.0151,54.0924,81.93,46,81,5.61,broken clouds
91,Hamilton,US,39.1834,-84.5333,61.0,94,100,10.36,heavy intensity rain
92,Half Moon Bay,US,37.4636,-122.4286,50.92,94,100,14.97,mist
93,Biak,ID,-0.9131,122.8766,82.74,70,69,4.59,broken clouds
94,Port Elizabeth,ZA,-33.918,25.5701,86.09,76,0,4.61,clear sky
95,Eldorado,BR,-23.7869,-54.2836,68.92,97,100,4.38,moderate rain
96,Palmer,US,42.1584,-72.3287,39.61,92,100,1.05,overcast clouds
97,Kazachinskoye,RU,57.6953,93.2761,11.59,94,47,2.91,scattered clouds
98,Imbituba,BR,-28.24,-48.6703,71.2,96,26,5.75,scattered clouds
99,Svetlaya,RU,46.5389,138.3297,7.52,58,8,8.37,clear sky
100,Ribeira Grande,PT,38.5167,-28.7,60.78,85,97,17.0,overcast clouds
101,Severo-Kurilsk,RU,50.6789,156.125,18.73,61,100,22.64,overcast clouds
102,Tigil,RU,57.8,158.6667,24.33,67,100,21.41,overcast clouds
103,Barrow,US,71.2906,-156.7887,3.22,85,100,20.71,mist
104,Hobart,AU,-42.8794,147.3294,58.86,65,100,12.66,overcast clouds
105,Puerto Ayora,EC,-0.7393,-90.3518,70.56,96,30,1.99,scattered clouds
106,Port Alfred,ZA,-33.5906,26.891,81.32,60,100,11.74,overcast clouds
107,Ostrovnoy,RU,68.0531,39.5131,24.33,74,100,23.09,light snow
108,Bogorodskoye,RU,56.55,37.8833,25.45,94,100,6.8,snow
109,Saldanha,ZA,-33.0117,17.9442,64.45,77,36,19.69,scattered clouds
110,Upernavik,GL,72.7868,-56.1549,-16.33,70,18,4.92,few clouds
111,Rocha,UY,-34.4833,-54.3333,54.57,83,0,3.69,clear sky
112,Kandrian,PG,-6.2167,149.55,83.46,75,100,14.25,overcast clouds
113,Tabas,IR,33.5959,56.9244,46.62,34,0,2.3,clear sky
114,Male,MV,4.1748,73.5089,85.95,66,20,16.11,few clouds
115,Bambous Virieux,MU,-20.3428,57.7575,85.21,65,40,4.61,scattered clouds
116,Westport,US,41.1415,-73.3579,50.18,84,100,3.44,overcast clouds
117,Sisimiut,GL,66.9395,-53.6735,-0.98,82,99,18.84,overcast clouds
118,Ponta Do Sol,PT,32.6667,-17.1,63.23,72,17,7.49,few clouds
119,Faanui,PF,-16.4833,-151.75,81.37,73,100,11.81,overcast clouds
120,Katherine,AU,-14.4667,132.2667,86.32,66,100,11.5,light rain
121,Chokurdakh,RU,70.6333,147.9167,-42.12,99,86,3.33,overcast clouds
122,Hengyang,CN,26.8881,112.615,56.34,43,23,6.4,few clouds
123,Mantua,IT,45.1667,10.7833,51.04,91,99,2.8,overcast clouds
124,Soyo,AO,-6.1349,12.3689,78.01,85,100,4.12,light rain
125,Moose Jaw,CA,50.4001,-105.5344,12.45,79,5,8.05,clear sky
126,Norman Wells,CA,65.282,-126.8329,8.64,72,100,6.91,overcast clouds
127,Fort Nelson,CA,58.8053,-122.7002,6.94,93,75,2.3,broken clouds
128,Siuna,NI,13.7332,-84.7773,67.51,98,4,2.35,clear sky
129,Bronnoysund,NO,65.4625,12.1997,32.0,93,40,4.61,scattered clouds
130,Sanghar,PK,26.0466,68.9481,72.93,17,6,7.94,clear sky
131,Nantucket,US,41.2835,-70.0995,42.15,92,0,0.0,mist
132,Fortuna,US,40.5982,-124.1573,46.74,94,75,6.91,broken clouds
133,Viedma,AR,-40.8135,-62.9967,62.56,46,7,7.45,clear sky
134,Kepno,PL,51.2784,17.9891,46.8,82,95,11.23,overcast clouds
135,Zyryanka,RU,65.75,150.85,-45.13,99,66,4.65,broken clouds
136,Carroll,US,39.5501,-77.0164,52.72,83,100,3.0,overcast clouds
137,Luderitz,NA,-26.6481,15.1594,67.26,79,15,5.95,few clouds
138,Provideniya,RU,64.3833,-173.3,-4.07,88,98,5.95,overcast clouds
139,Acapulco,MX,16.8634,-99.8901,75.49,72,100,5.03,overcast clouds
140,Victoria,HK,22.2855,114.1577,71.2,72,78,17.0,broken clouds
141,Tura,IN,25.5198,90.2201,74.05,38,0,3.53,clear sky
142,Bilma,NE,18.6853,12.9164,56.34,33,100,5.79,overcast clouds
143,Vardo,NO,70.3705,31.1107,30.18,69,75,20.71,broken clouds
144,Korgen,NO,66.0771,13.8153,21.33,97,100,1.39,overcast clouds
145,Lavrentiya,RU,65.5833,-171.0,-10.28,82,100,10.0,overcast clouds
146,Jamestown,US,42.097,-79.2353,44.24,100,100,3.44,overcast clouds
147,Iqaluit,CA,63.7506,-68.5145,-15.07,76,20,2.3,few clouds
148,Zyryanskoye,RU,56.8306,86.6258,13.62,90,85,6.8,overcast clouds
149,Tuktoyaktuk,CA,69.4541,-133.0374,6.8,78,75,19.57,light snow
150,Mayumba,GA,-3.432,10.6554,77.04,87,100,4.34,overcast clouds
151,Sola,VU,-13.8833,167.55,79.39,85,100,23.85,light rain
152,Cockburn Town,TC,21.4612,-71.1419,77.68,74,0,19.22,light rain
153,Mastic Beach,US,40.7668,-72.8521,49.17,93,100,3.44,overcast clouds
154,Kahului,US,20.8947,-156.47,76.84,86,40,3.44,scattered clouds
155,Ewa Beach,US,21.3156,-158.0072,75.15,78,100,8.05,overcast clouds
156,Batesville,US,35.7698,-91.641,65.84,90,100,8.01,moderate rain
157,Popondetta,PG,-8.7537,148.2534,84.72,74,67,5.37,broken clouds
158,Ilulissat,GL,69.2167,-51.1,-22.4,68,6,9.13,clear sky
159,Ostersund,SE,63.1792,14.6357,14.45,100,0,11.5,clear sky
160,Iwanai,JP,42.9744,140.5089,20.57,84,100,19.6,light snow
161,Georgetown,MY,5.4112,100.3354,89.53,74,20,11.5,few clouds
162,Aleksandrovka,UA,46.8383,32.7612,46.51,78,87,12.19,overcast clouds
163,Sobolevo,RU,54.4299,31.8996,42.76,95,100,15.17,light rain
164,Manaus,BR,-3.1019,-60.025,75.69,94,75,1.14,broken clouds
165,Iquitos,PE,-3.7481,-73.2472,77.04,94,20,2.3,few clouds
166,Tarko-Sale,RU,64.9225,77.785,3.4,95,100,16.26,light snow
167,Kuching,MY,1.55,110.3333,82.99,89,40,8.05,moderate rain
168,Nagua,DO,19.3832,-69.8474,72.3,88,72,6.53,broken clouds
169,Litovko,RU,49.2361,135.1742,-17.91,95,8,1.57,clear sky
170,Carballo,ES,43.213,-8.691,48.78,89,91,5.73,overcast clouds
171,Naqadeh,IR,36.9553,45.388,39.11,34,0,0.47,clear sky
172,Saint-Philippe,RE,-21.3585,55.7679,85.59,72,100,9.64,overcast clouds
173,Benjamin Hill,MX,30.1667,-111.1,46.44,61,100,3.89,overcast clouds
174,Lucea,JM,18.451,-78.1736,76.86,82,2,9.06,clear sky
175,Nanortalik,GL,60.1432,-45.2371,10.13,65,5,13.04,clear sky
176,Makakilo City,US,21.3469,-158.0858,73.44,78,75,0.0,broken clouds
177,Margate,GB,51.3813,1.3862,49.89,94,93,3.0,overcast clouds
178,Port Macquarie,AU,-31.4333,152.9167,77.9,62,0,9.22,clear sky
179,Khatanga,RU,71.9667,102.5,-13.02,98,100,5.5,overcast clouds
180,Scarborough,GB,54.2797,-0.4044,37.33,89,99,14.0,overcast clouds
181,Port Augusta,AU,-32.5,137.7667,76.03,44,0,23.96,clear sky
182,Assiniboia,CA,49.6334,-105.9845,13.82,85,7,6.91,clear sky
183,Castro,BR,-24.7911,-50.0119,63.93,91,100,2.48,overcast clouds
184,Wonthaggi,AU,-38.6044,145.5913,63.82,66,8,12.19,clear sky
185,Khani,GE,41.9563,42.9566,31.57,41,0,3.11,clear sky
186,Bonavista,CA,48.6499,-53.1147,30.96,91,100,9.53,overcast clouds
187,San Carlos De Bariloche,AR,-41.1456,-71.3082,51.55,58,20,23.02,few clouds
188,Molina,CL,-35.1167,-71.2833,62.33,55,0,8.05,clear sky
189,Axim,GH,4.8699,-2.2405,75.51,88,22,4.45,few clouds
190,Shambu,ET,9.5667,37.1,62.76,48,26,2.62,scattered clouds
191,Chernyshevskiy,RU,63.0128,112.4714,0.77,93,100,10.63,overcast clouds
192,Esil,KZ,51.9556,66.4042,28.17,94,100,18.81,light snow
193,Thompson,CA,55.7435,-97.8558,14.16,85,100,0.0,light snow
194,Zistersdorf,AT,48.5333,16.75,44.98,89,100,6.13,overcast clouds
195,Tucuma,BR,-0.1833,-50.05,74.93,93,27,4.52,scattered clouds
196,Kaitangata,NZ,-46.2817,169.8464,61.84,82,100,5.06,overcast clouds
197,Laguna,US,38.421,-121.4238,44.58,93,100,10.36,overcast clouds
198,Chara,RU,56.9064,118.2631,-9.71,74,76,0.58,broken clouds
199,Hay River,CA,60.8156,-115.7999,6.78,85,75,4.61,broken clouds
200,Togur,RU,58.3631,82.8265,7.36,95,89,6.2,overcast clouds
201,Pangnirtung,CA,66.1451,-65.7125,-11.52,96,100,2.17,overcast clouds
202,Leningradskiy,RU,69.3833,178.4167,-22.72,97,100,15.17,overcast clouds
203,Saquarema,BR,-22.92,-42.5103,70.27,89,4,8.39,clear sky
204,Denizli,TR,37.8402,29.0698,50.31,37,0,1.14,clear sky
205,Port Hardy,CA,50.6996,-127.4199,42.98,75,100,20.71,light rain
206,Kalengwa,ZM,-13.4659,25.0027,64.53,92,100,1.79,overcast clouds
207,Ribas Do Rio Pardo,BR,-20.4431,-53.7592,69.76,95,100,5.39,overcast clouds
208,Nova Olimpia,BR,-14.7972,-57.2881,72.48,94,100,3.36,light rain
209,Vero Beach,US,27.6386,-80.3973,74.98,80,0,10.42,clear sky
210,Dingle,PH,10.9995,122.6711,76.17,93,100,11.25,light rain
211,Aberdeen,GB,57.1437,-2.0981,37.2,93,40,12.66,scattered clouds
212,Boyabat,TR,41.4689,34.7667,44.11,43,0,0.36,clear sky
213,Mandalgovi,MN,45.7625,106.2708,7.93,76,21,9.95,few clouds
214,Berdigestyakh,RU,62.0989,126.6992,-20.24,100,100,2.75,overcast clouds
215,Guadalajara,MX,20.6667,-103.3333,56.98,100,43,2.62,scattered clouds
216,Kudirkos Naumiestis,LT,54.7731,22.8631,42.82,71,100,21.43,overcast clouds
217,Rio Grande,BR,-32.035,-52.0986,66.25,85,19,10.69,few clouds
218,Timbauba,BR,-7.5053,-35.3183,73.08,90,100,1.97,overcast clouds
219,Prim Decembrie,RO,44.2908,26.0581,47.1,77,1,7.94,clear sky
220,Grand Gaube,MU,-20.0064,57.6608,85.37,58,90,8.99,overcast clouds
221,Fairbanks,US,64.8378,-147.7164,5.09,85,0,0.0,clear sky
222,Kula,TR,38.5473,28.6498,43.54,38,0,4.03,clear sky
223,Bandarbeyla,SO,9.4942,50.8122,78.94,63,51,21.79,broken clouds
224,Kibala,TD,9.1104,18.3463,62.55,59,0,4.61,clear sky
225,Bagdarin,RU,54.4333,113.6,-0.51,80,63,0.98,broken clouds
226,Linao,PH,7.1678,124.9675,81.12,82,96,1.03,overcast clouds
227,Hambantota,LK,6.1241,81.1185,86.34,62,40,13.8,scattered clouds
228,Prainha,BR,-1.8,-53.48,71.92,97,43,2.8,scattered clouds
229,Yumen,CN,40.2833,97.2,25.29,41,20,14.18,few clouds
230,Trelew,AR,-43.249,-65.3051,61.05,44,6,22.7,clear sky
231,Huarmey,PE,-10.0681,-78.1522,68.43,90,70,6.26,broken clouds
232,San Juan Bautista,PE,-14.0108,-75.7358,71.51,72,100,1.95,overcast clouds
233,Pali,IN,25.7667,73.3333,71.24,23,59,10.42,broken clouds
234,Deputatskiy,RU,69.3,139.9,-40.27,99,39,4.79,scattered clouds
235,Karratha,AU,-20.7377,116.8463,89.62,57,52,22.24,broken clouds
236,Luoyang,CN,34.6836,112.4536,50.85,32,0,4.32,clear sky
237,Tual,ID,-5.6667,132.75,83.8,77,99,15.28,overcast clouds
238,Shigony,RU,53.3875,48.6777,22.68,91,100,10.76,overcast clouds
239,Bichura,RU,50.5881,107.6022,-2.45,92,82,1.83,broken clouds
240,Ozark,US,37.0209,-93.206,61.39,97,100,6.2,overcast clouds
241,Chuy,UY,-33.6971,-53.4616,58.41,87,1,4.99,clear sky
242,Morant Bay,JM,17.8815,-76.4093,76.62,83,3,7.85,clear sky
243,Arrecife,ES,28.963,-13.5477,60.78,82,0,10.36,clear sky
244,Manta,EC,-0.95,-80.7333,76.78,83,40,3.44,scattered clouds
245,Sitka,US,57.0531,-135.33,37.54,94,95,4.68,overcast clouds
246,Nikolskoye,RU,59.7035,30.7861,26.8,94,100,8.88,snow
247,Calvinia,ZA,-31.4707,19.776,81.05,33,0,6.91,clear sky
248,Gaoual,GN,11.75,-13.2,64.87,37,13,2.1,few clouds
249,Guisa,CU,20.255,-76.5386,67.5,91,0,4.61,clear sky
250,Mityana,UG,0.4175,32.0228,77.09,48,2,3.2,clear sky
251,Ahipara,NZ,-35.1667,173.1667,63.82,93,100,15.59,overcast clouds
252,Mormugao,IN,15.4,73.8,85.26,45,0,5.75,clear sky
253,Batemans Bay,AU,-35.7167,150.1833,68.09,97,100,6.6,moderate rain
254,Resplendor,BR,-19.3256,-41.2553,68.05,97,80,1.03,broken clouds
255,Manzanillo,CU,20.3433,-77.1167,70.97,90,0,8.12,clear sky
256,Kenai,US,60.5544,-151.2583,24.89,96,0,0.0,mist
257,Itoman,JP,26.1247,127.6694,64.42,82,75,16.11,broken clouds
258,Vestmannaeyjar,IS,63.4427,-20.2734,35.44,75,100,19.51,overcast clouds
259,Santo Augusto,BR,-27.8508,-53.7772,61.75,81,0,5.28,clear sky
260,Nancha,CN,47.1333,129.2667,8.82,63,3,9.28,clear sky
261,Clyde River,CA,70.4692,-68.5914,-32.57,68,0,3.44,clear sky
262,Santa Cruz,BO,-17.8,-63.1667,74.66,94,75,3.44,broken clouds
263,Itaituba,BR,-4.2761,-55.9836,72.21,100,100,1.68,overcast clouds
264,Portland,US,45.5234,-122.6762,46.29,93,100,3.0,overcast clouds
265,Mundo Nuevo,MX,18.7,-95.5,73.98,86,99,3.42,overcast clouds
266,Smoky Lake,CA,54.1169,-112.4686,11.12,85,100,5.75,overcast clouds
267,Kavaratti,IN,10.5669,72.642,80.98,67,3,6.2,clear sky
268,Oksfjord,NO,70.2396,22.3479,30.38,98,100,2.73,snow
269,Moranbah,AU,-22.0016,148.0466,94.3,29,82,8.28,broken clouds
270,Rio Gallegos,AR,-51.6226,-69.2181,50.05,53,0,23.02,clear sky
271,Milkovo,RU,54.7167,158.6167,9.07,90,100,3.02,overcast clouds
272,Bathsheba,BB,13.2167,-59.5167,77.61,78,40,20.71,scattered clouds
273,Kushmurun,KZ,52.4503,64.6311,25.84,90,100,22.1,overcast clouds
274,Jaunpur,IN,25.7333,82.6833,57.22,36,0,1.23,clear sky
275,Katangli,RU,51.7102,143.2326,2.35,93,100,19.26,light snow
276,Quelimane,MZ,-17.8786,36.8883,85.51,58,87,5.32,overcast clouds
277,Auki,SB,-8.7676,160.7034,80.71,82,75,5.26,light rain
278,Praia,CV,14.9215,-23.5087,73.94,53,0,18.41,clear sky
279,Ionia,US,42.9873,-85.0711,37.24,99,100,6.91,overcast clouds
280,Carbonia,IT,39.1672,8.5222,46.0,63,100,2.68,overcast clouds
281,Razdolinsk,RU,58.4211,94.6658,10.87,95,100,6.58,overcast clouds
282,Kaeo,NZ,-35.1,173.7833,68.32,87,100,18.52,moderate rain
283,Turukhansk,RU,65.8167,87.9833,-23.85,96,9,5.93,clear sky
284,San Cristobal,VE,7.7669,-72.225,63.03,96,84,3.0,broken clouds
285,Klaksvik,FO,62.2266,-6.589,43.72,86,89,29.24,overcast clouds
286,Alyangula,AU,-13.8483,136.4192,85.12,71,100,15.73,moderate rain
287,Oyon,PE,-10.6681,-76.7731,44.56,91,97,3.49,overcast clouds
288,Banda Aceh,ID,5.5577,95.3222,82.08,71,100,2.48,overcast clouds
289,San Quintin,MX,30.4833,-115.95,55.44,72,42,3.22,scattered clouds
290,Jimma,ET,7.6667,36.8333,69.21,57,95,3.06,overcast clouds
291,Tukrah,LY,32.5341,20.5791,59.05,61,0,9.19,clear sky
292,Bulgan,MN,48.8125,103.5347,3.67,88,13,1.1,few clouds
293,Narsaq,GL,60.9167,-46.05,-6.3,66,4,7.0,clear sky
294,Dalvik,IS,65.9702,-18.5286,31.93,79,100,5.79,overcast clouds
295,Waw,SS,7.7029,27.9953,81.48,25,13,7.7,few clouds
296,Sechura,PE,-5.5569,-80.8222,66.92,86,100,7.34,overcast clouds
297,Bose,IT,45.4612,8.0137,48.2,93,100,2.42,overcast clouds
298,Miramar,US,25.9873,-80.2323,77.02,84,18,3.0,few clouds
299,Souillac,MU,-20.5167,57.5167,84.58,65,40,4.61,scattered clouds
300,Arroio Grande,BR,-32.2375,-53.0869,59.29,94,0,5.77,clear sky
301,Feuchtwangen,DE,49.1667,10.3333,40.33,97,100,4.85,overcast clouds
302,Bengbu,CN,32.9408,117.3608,49.48,39,0,3.15,clear sky
303,Burnie,AU,-41.0667,145.9167,57.9,85,100,5.66,overcast clouds
304,Faya,SA,18.3851,42.4509,61.32,61,92,1.59,overcast clouds
305,Sovetskoye,RU,52.2861,85.4131,20.62,84,99,4.52,overcast clouds
306,Richards Bay,ZA,-28.783,32.0377,81.95,57,5,10.42,clear sky
307,Mananara,MG,-16.1667,49.7667,84.0,59,58,5.01,broken clouds
308,Umm Lajj,SA,25.0213,37.2685,71.35,61,1,2.75,clear sky
309,Maceio,BR,-9.6658,-35.7353,74.64,94,40,2.3,scattered clouds
310,Samarai,PG,-10.6167,150.6667,83.93,74,100,8.63,light rain
311,Jishou,CN,28.3167,109.7167,51.51,56,53,2.77,broken clouds
312,Isangel,VU,-19.55,169.2667,81.46,77,13,4.9,few clouds
313,Vanavara,RU,60.34,102.2797,6.06,95,100,7.76,light snow
314,Karpogory,RU,64.0019,44.4451,3.7,98,99,4.56,overcast clouds
315,Cabo San Lucas,MX,22.8909,-109.9124,69.51,70,59,3.0,broken clouds
316,Dickinson,US,29.4608,-95.0513,74.16,91,100,10.36,overcast clouds
317,Palana,RU,59.1167,159.9667,21.78,65,100,25.95,overcast clouds
318,Shache,CN,38.4167,77.2406,34.02,26,0,5.08,clear sky
319,Shihezi,CN,44.3,86.0333,15.89,89,64,3.62,broken clouds
320,Mbala,ZM,-8.8402,31.3659,69.71,67,28,5.23,light rain
321,Korla,CN,41.7597,86.1469,26.04,39,1,9.86,clear sky
322,Caruray,PH,10.3094,119.0128,81.97,71,100,13.42,overcast clouds
323,Shingu,JP,33.7333,135.9833,47.91,46,0,11.01,clear sky
324,Pasighat,IN,28.0667,95.3333,73.06,37,1,4.07,clear sky
325,Marzuq,YE,14.4,46.4667,68.86,29,8,4.5,clear sky
326,Yulara,AU,-25.2406,130.9889,98.58,23,100,18.9,overcast clouds
327,Tuatapere,NZ,-46.1333,167.6833,65.12,70,100,3.36,overcast clouds
328,Carnarvon,AU,-24.8667,113.6333,84.09,67,9,23.51,clear sky
329,Ilhabela,BR,-23.7781,-45.3581,73.35,84,99,4.14,overcast clouds
330,Kajaani,FI,64.2273,27.7285,10.45,92,0,2.3,clear sky
331,Caravelas,BR,-17.7125,-39.2481,68.9,93,83,3.38,broken clouds
332,Tazovskiy,RU,67.4667,78.7,-24.2,98,100,10.22,overcast clouds
333,Arlit,NE,18.7369,7.3853,59.63,26,49,7.63,scattered clouds
334,Tiznit,MA,29.5833,-9.5,55.47,32,100,4.61,overcast clouds
335,Sabang,ID,5.8933,95.3214,79.84,79,100,13.69,overcast clouds
336,Kamina,CD,-8.7386,24.9906,70.5,86,28,3.09,light rain
337,Pathein,MM,16.7833,94.7333,86.14,35,24,6.58,few clouds
338,Kruisfontein,ZA,-34.0033,24.7314,86.88,30,0,8.63,clear sky
339,Bemidji,US,47.4736,-94.8803,13.77,85,100,0.0,fog
340,Fez,MA,34.0372,-4.9998,44.85,61,0,9.22,clear sky
341,Newport,GB,51.5877,-2.9984,49.82,95,100,22.19,overcast clouds
342,Mount Isa,AU,-20.7333,139.5,83.97,65,100,10.36,overcast clouds
343,Skelleftea,SE,64.7507,20.9528,7.16,100,6,4.61,clear sky
344,Pitimbu,BR,-7.4706,-34.8086,77.59,82,100,10.56,overcast clouds
345,Zhigansk,RU,66.7697,123.3711,-21.98,97,100,16.98,overcast clouds
346,Alofi,NU,-19.0595,-169.9187,78.69,83,100,4.61,overcast clouds
347,Pochutla,MX,15.7432,-96.4661,70.83,76,10,3.0,clear sky
348,Guaymango,SV,13.7503,-89.8422,70.3,84,0,3.67,clear sky
349,Saint-Joseph,RE,-21.3667,55.6167,84.58,72,100,6.08,light rain
350,Kununurra,AU,-15.7667,128.7333,87.78,70,75,6.91,broken clouds
351,Dalhousie,IN,32.5333,75.9833,45.28,25,0,6.06,clear sky
352,Kolvereid,NO,64.8655,11.6047,27.63,80,98,1.05,light snow
353,Okhotsk,RU,59.3833,143.3,0.97,73,100,20.62,overcast clouds
354,Ayan,RU,56.45,138.1667,-11.81,66,37,20.22,scattered clouds
355,Severnyy,RU,50.677,36.5532,41.04,100,100,8.95,mist
356,Moron,AR,-34.6534,-58.6198,73.15,74,0,6.82,clear sky
357,Itarema,BR,-2.9248,-39.9167,76.51,85,15,10.63,few clouds
358,Mecca,SA,21.4267,39.8261,77.38,57,100,0.47,light rain
359,Jiayuguan,CN,39.8167,98.3,26.94,32,6,1.41,clear sky
360,Prince Rupert,CA,54.3161,-130.3201,42.49,78,100,18.41,overcast clouds
361,Moree,AU,-29.4667,149.85,92.48,30,28,2.15,scattered clouds
362,Baley,RU,51.6,116.6333,-1.21,86,24,2.17,few clouds
363,Bonthe,SL,7.5264,-12.505,72.43,96,23,5.03,few clouds
364,Kastamonu,TR,41.5,33.6667,33.82,40,0,0.54,clear sky
365,Port Shepstone,ZA,-30.7414,30.455,75.81,76,4,14.2,clear sky
366,Sinnamary,GF,5.3833,-52.95,75.13,89,97,6.11,overcast clouds
367,Bria,CF,6.5423,21.9863,79.95,26,9,7.2,clear sky
368,Namibe,AO,-15.1961,12.1522,76.1,83,100,1.39,overcast clouds
369,Estevan,CA,49.1334,-102.9842,5.34,85,0,4.61,clear sky
370,Clovis,US,36.8252,-119.7029,49.48,88,100,1.01,overcast clouds
371,Barcelos,PT,41.5388,-8.6151,46.92,89,83,4.7,broken clouds
372,Dikson,RU,73.5069,80.5464,-18.49,99,78,12.46,broken clouds
373,Sarkand,KZ,45.41,79.9186,35.37,79,100,5.32,overcast clouds
374,Murgab,TM,37.4966,61.9714,40.87,60,75,9.22,broken clouds
375,Husavik,IS,66.0449,-17.3389,34.77,97,100,5.59,snow
376,Kavieng,PG,-2.5744,150.7967,83.57,75,24,11.74,light rain
377,Vila Velha,BR,-20.3297,-40.2925,73.35,92,0,3.44,clear sky
378,Sao Felix Do Xingu,BR,-6.6447,-51.995,69.85,99,100,0.94,overcast clouds
379,Akdepe,TM,42.0551,59.3788,48.29,68,100,16.62,overcast clouds
380,Airai,TL,-8.9266,125.4092,64.31,89,96,6.15,overcast clouds
381,Santa Rosa,PH,14.3122,121.1114,84.11,84,92,17.67,moderate rain
382,Tigzirt,DZ,36.8886,4.1198,54.5,42,18,6.22,few clouds
383,Olafsvik,IS,64.8945,-23.7142,31.32,59,100,16.22,overcast clouds
384,Dengfeng,CN,34.4553,113.0281,49.64,37,0,5.5,clear sky
385,Praya,CV,14.9215,-23.5087,73.94,53,0,18.41,clear sky
386,Benghazi,LY,32.1167,20.0667,59.45,60,0,9.1,clear sky
387,Port Hawkesbury,CA,45.6169,-61.3485,29.79,83,100,11.99,overcast clouds
388,Zaozerne,UA,45.1582,33.2787,52.0,75,0,13.76,clear sky
389,Sur,OM,22.5667,59.5289,75.83,43,50,18.48,scattered clouds
390,Northam,GB,51.0333,-4.2167,51.26,95,100,20.15,overcast clouds
391,Miles City,US,46.4083,-105.8406,9.57,92,100,5.75,mist
392,Ancud,CL,-41.8697,-73.8203,50.05,92,9,5.1,clear sky
393,Belmonte,BR,-15.8631,-38.8828,75.06,83,99,3.06,overcast clouds
394,Pitelino,RU,54.5777,41.8145,27.59,95,100,6.49,overcast clouds
395,Novospasskoye,RU,53.1468,47.7514,24.04,90,100,10.54,overcast clouds
396,Abu Samrah,SY,35.3029,37.1841,46.67,46,4,6.31,clear sky
397,Nicoya,CR,10.1483,-85.452,71.47,91,0,1.21,clear sky
398,Minab,IR,27.1467,57.0801,67.15,18,100,19.26,overcast clouds
399,Egvekinot,RU,66.3167,-179.1667,-19.8,89,23,8.21,few clouds
400,Bestobe,KZ,52.4994,73.0975,29.46,85,100,20.45,overcast clouds
401,Kimbe,PG,-5.5502,150.1429,82.44,79,100,3.78,overcast clouds
402,Vanimo,PG,-2.6741,141.3028,83.41,72,99,5.06,overcast clouds
403,Sawakin,SD,19.1059,37.3321,77.32,78,86,10.76,overcast clouds
404,Dorado,PR,18.4588,-66.2677,72.0,97,30,9.26,scattered clouds
405,Gewane,ET,10.1664,40.6453,73.67,50,17,9.04,few clouds
406,Camacha,PT,33.0833,-16.3333,58.42,63,40,10.36,scattered clouds
407,Longyearbyen,SJ,78.2186,15.6401,30.04,69,75,21.85,broken clouds
408,Balao,EC,-2.9167,-79.8167,73.9,84,100,1.21,overcast clouds
409,El Campo,US,29.1966,-96.2697,73.69,100,100,12.66,overcast clouds
410,Pevek,RU,69.7008,170.3133,-37.48,100,100,3.04,overcast clouds
411,Geraldton,AU,-28.7667,114.6,102.61,21,0,20.71,clear sky
412,Ouallam,NE,14.3188,2.0866,59.49,22,0,10.69,clear sky
413,Xuanwu,CN,32.069,118.8138,49.95,40,3,2.71,clear sky
414,Carrickfergus,GB,54.7158,-5.8058,48.96,95,75,16.11,broken clouds
415,Louis Trichardt,ZA,-23.0439,29.9032,77.54,51,8,1.28,clear sky
416,Sinop,TR,41.7711,34.8709,48.47,38,0,5.21,clear sky
417,Ko Samui,TH,9.5357,99.9357,79.36,78,24,10.96,light rain
418,Camocim,BR,-2.9022,-40.8411,75.36,90,58,9.1,light rain
419,Broken Hill,AU,-31.95,141.4333,87.94,14,0,18.28,clear sky
420,Te Anau,NZ,-45.4167,167.7167,68.7,57,100,4.92,overcast clouds
421,Kargasok,RU,59.0556,80.8572,6.87,95,91,8.12,overcast clouds
422,Corner Brook,CA,48.9667,-57.9484,22.05,96,100,4.7,overcast clouds
423,Gamba,GA,-2.65,10.0,76.12,90,100,2.89,overcast clouds
424,Vostok,RU,46.4856,135.8833,-3.41,96,100,10.13,overcast clouds
425,Brae,GB,60.3964,-1.353,40.71,77,13,13.58,few clouds
426,Porbandar,IN,21.6422,69.6093,77.92,28,3,11.43,clear sky
427,Puerto Cabello,VE,10.4731,-68.0125,81.95,83,13,4.85,few clouds
428,Bafra,TR,41.5678,35.9069,53.82,43,0,4.56,clear sky
429,Igarka,RU,67.4667,86.5833,-32.93,100,49,4.12,scattered clouds
430,Leshukonskoye,RU,64.8989,45.7622,-5.44,100,100,3.38,overcast clouds
431,Poum,NC,-20.2333,164.0167,78.33,68,0,13.18,clear sky
432,Iwaki,JP,37.05,140.8833,42.03,51,1,8.01,clear sky
433,Ambon,ID,-3.6954,128.1814,87.94,66,20,9.22,few clouds
434,Guerrero Negro,MX,27.9769,-114.0611,56.95,72,6,9.46,clear sky
435,Los Llanos De Aridane,ES,28.6585,-17.9182,61.12,78,75,8.99,broken clouds
436,Russell,US,32.3502,-85.1999,66.0,100,0,4.61,mist
437,Mancio Lima,BR,-7.6142,-72.8958,71.08,98,100,2.62,overcast clouds
438,Comodoro Rivadavia,AR,-45.8667,-67.5,58.86,41,0,24.16,clear sky
439,Abnub,EG,27.2696,31.1511,57.31,65,0,4.81,clear sky
440,Nouadhibou,MR,20.931,-17.0347,67.96,55,0,14.92,clear sky
441,Avigliano,IT,40.7329,15.72,40.44,78,6,3.27,clear sky
442,Lagoa,PT,39.05,-27.9833,59.59,84,100,22.03,overcast clouds
443,Kloulklubed,PW,7.0419,134.2556,83.28,78,100,17.67,overcast clouds
444,La Ronge,CA,55.1001,-105.2842,11.62,94,17,4.7,few clouds
445,Kushikino,JP,31.7167,130.2667,51.08,57,10,15.05,clear sky
446,Baicheng,CN,45.6167,122.8167,15.24,46,0,4.09,clear sky
447,Port Hedland,AU,-20.3167,118.5667,93.25,59,40,23.02,scattered clouds
448,Tongzi,CN,28.7829,105.0877,56.7,45,32,2.53,scattered clouds
449,Tadine,NC,-21.55,167.8833,78.31,77,36,7.11,scattered clouds
450,Erenhot,CN,43.6475,111.9767,19.62,50,98,7.87,overcast clouds
451,Dunmore Town,BS,25.5,-76.65,76.41,74,0,15.57,clear sky
452,Lannion,FR,48.75,-3.4167,52.02,88,0,14.97,clear sky
453,Vredefort,ZA,-27.0081,27.3646,75.69,38,4,6.06,clear sky
454,Belaya Gora,RU,68.5333,146.4167,-39.87,100,52,3.02,broken clouds
455,Manggar,ID,-2.8833,108.2667,83.1,68,100,12.46,overcast clouds
456,Verkhoyansk,RU,67.5447,133.385,-49.31,100,92,0.74,overcast clouds
457,Herat,AF,34.5,62.0,42.4,33,0,2.73,clear sky
458,Najran,SA,17.4924,44.1277,57.85,59,14,7.72,few clouds
459,Champerico,GT,14.3,-91.9167,76.28,83,5,4.25,clear sky
460,Henties Bay,NA,-22.116,14.2845,68.05,78,52,6.24,broken clouds
461,Killybegs,IE,54.6333,-8.45,46.22,89,100,13.33,overcast clouds
462,Taitung,TW,22.7583,121.1444,71.87,83,75,10.36,broken clouds
463,Grande Prairie,CA,55.1667,-118.8027,-2.02,84,0,2.3,clear sky
464,Pisco,PE,-13.7,-76.2167,68.38,90,100,1.83,overcast clouds
465,Brigantine,US,39.4101,-74.3646,53.04,89,100,6.91,overcast clouds
466,Constitucion,CL,-35.3333,-72.4167,55.85,67,0,8.5,clear sky
467,Lokosovo,RU,61.1333,74.8167,5.4,96,100,11.07,overcast clouds
468,Maragogi,BR,-9.0122,-35.2225,76.35,82,100,7.67,overcast clouds
469,Aripuana,BR,-9.1667,-60.6333,70.32,99,100,1.79,overcast clouds
470,Kaoma,ZM,-14.7833,24.8,63.88,96,100,3.53,light rain
471,Amarante Do Maranhao,BR,-5.5667,-46.7422,68.74,98,93,2.62,overcast clouds
472,Qaqortoq,GL,60.7167,-46.0333,-5.19,67,1,6.26,clear sky
473,Point Pleasant,US,40.0832,-74.0682,50.52,86,100,1.99,overcast clouds
474,Ponta Delgada,PT,37.7333,-25.6667,57.92,88,75,17.27,broken clouds
475,Dunedin,NZ,-45.8742,170.5036,59.81,95,44,10.65,scattered clouds
476,Saint-Pierre,RE,-21.3393,55.4781,85.68,54,100,9.22,light rain
477,Wajima,JP,37.4,136.9,40.39,62,96,17.34,overcast clouds
478,Arawa,PG,-6.2132,155.5367,80.94,85,82,4.92,light rain
479,Brookhaven,US,31.5791,-90.4407,69.24,88,100,14.09,overcast clouds
480,Sretensk,RU,52.2453,117.7093,-6.7,91,90,2.06,overcast clouds
481,Road Town,VG,18.4167,-64.6167,77.85,72,3,18.88,clear sky
482,Mujiayingzi,CN,42.1167,118.7833,24.21,34,15,3.13,few clouds
483,Kompaniyivka,UA,48.2511,32.208,42.55,84,27,10.47,scattered clouds
484,Chimoio,MZ,-19.1164,33.4833,77.2,70,12,1.32,light rain
485,Dubreka,GN,9.7911,-13.5233,68.36,80,97,3.78,overcast clouds
486,Lusambo,CD,-4.9667,23.45,78.13,66,100,2.42,overcast clouds
487,Padang,ID,-0.9492,100.3543,82.45,79,100,4.21,light rain
488,Oyem,GA,1.5995,11.5793,71.94,85,88,2.82,light rain
489,Naze,JP,28.3667,129.4833,54.59,82,100,16.91,light rain
490,Bella Vista,US,36.4295,-94.2316,65.28,96,100,10.36,overcast clouds
491,Las Palmas,ES,28.4204,-14.0131,63.39,77,20,9.22,few clouds
492,Hovd,MN,48.0056,91.6419,1.45,89,100,3.56,overcast clouds
493,Chicama,PE,-7.8447,-79.1469,67.91,82,100,3.11,overcast clouds
494,Yantikovo,RU,55.8216,47.9104,29.12,93,99,12.95,overcast clouds
495,Tripoli,LY,32.8752,13.1875,59.18,69,0,7.56,clear sky
496,Diego De Almagro,CL,-26.3667,-70.05,58.87,66,0,1.3,clear sky
497,Kegums,LV,56.7451,24.7244,40.5,89,100,15.3,overcast clouds
498,Mandla,IN,22.6,80.3833,75.76,34,3,4.12,clear sky
499,Mayo,US,38.8876,-76.5119,55.78,88,75,5.75,broken clouds
500,Siwan,IN,26.2167,84.3667,69.98,36,0,2.71,clear sky
501,Kerouane,GN,9.2667,-9.0167,61.48,23,1,2.75,clear sky
502,Goderich,CA,43.7501,-81.7165,33.91,85,100,7.49,overcast clouds
503,Fairmont,US,39.4851,-80.1426,57.38,95,100,3.56,overcast clouds
504,Bilibino,RU,68.0546,166.4372,-43.29,100,53,1.72,broken clouds
505,Beaverlodge,CA,55.2166,-119.4361,8.38,92,87,4.38,overcast clouds
506,Hasaki,JP,35.7333,140.8333,50.4,27,0,10.18,clear sky
507,Yar-Sale,RU,66.8333,70.8333,1.98,96,100,18.54,light snow
508,Port Said,EG,31.2565,32.2841,63.84,67,42,11.18,scattered clouds
509,Issoire,FR,45.55,3.25,40.26,90,100,0.94,overcast clouds
510,Labytnangi,RU,66.6572,66.4183,-2.7,96,100,22.06,light snow
511,Kailua,US,21.4022,-157.7394,74.89,88,79,1.01,broken clouds
512,Muros,ES,42.7762,-9.0603,48.09,96,100,9.8,overcast clouds
513,Bwanga,TZ,-3.0308,31.7601,74.05,53,8,9.31,clear sky
514,Safaga,EG,26.7292,33.9365,66.9,41,2,4.09,clear sky
515,Aguimes,ES,27.9054,-15.4461,64.65,72,20,9.22,few clouds
516,Sorland,NO,67.667,12.6934,35.46,60,100,20.51,overcast clouds
517,Ixtapa,MX,20.7,-105.2,68.23,88,2,3.15,clear sky
518,Miguel Pereira,BR,-22.4539,-43.4689,65.14,91,18,9.33,few clouds
519,Aitape,PG,-3.1374,142.3475,83.71,71,85,4.25,overcast clouds
520,Awjilah,LY,29.1081,21.2869,54.57,77,1,9.37,clear sky
521,Wickliffe,US,41.6053,-81.4535,51.17,96,100,4.61,mist
522,Meulaboh,ID,4.1363,96.1285,82.96,70,100,6.33,overcast clouds
523,Wuwei,CN,37.9281,102.6414,31.39,22,0,4.09,clear sky
524,Neiafu,TO,-18.65,-173.9833,81.48,76,45,4.0,light rain
525,Romitan,UZ,39.9343,64.3814,40.95,70,40,18.41,scattered clouds
526,Miraflores,MX,19.2167,-98.8083,57.87,72,100,3.22,overcast clouds
527,Laem Sing,TH,12.4816,102.0738,93.96,100,11,2.57,few clouds
528,Sosua,DO,19.7667,-70.5167,66.18,83,94,9.15,light rain
529,Gibara,CU,21.1097,-76.1317,75.51,82,5,13.56,clear sky
530,Syamzha,RU,60.0158,41.0614,2.62,100,100,1.54,overcast clouds
531,Sao Filipe,CV,14.8961,-24.4956,75.38,60,81,11.34,broken clouds
532,Raudeberg,NO,61.9875,5.1352,30.96,55,93,6.58,overcast clouds
533,Yeniseysk,RU,58.4497,92.1703,11.77,96,100,3.67,overcast clouds
534,Lukulu,ZM,-14.3707,23.242,64.94,95,100,4.43,overcast clouds
535,Saint George,US,37.1041,-113.5841,40.95,82,100,5.01,overcast clouds
536,Sao Caetano De Odivelas,BR,-0.75,-48.02,74.03,95,15,4.45,few clouds
537,Gandu,BR,-13.7439,-39.4867,68.32,100,76,1.83,broken clouds
538,Masallatah,LY,32.6167,14.0,55.35,68,0,4.5,clear sky
539,Puerto Escondido,MX,15.85,-97.0667,76.01,74,32,3.62,scattered clouds
540,Jawhar,SO,2.7809,45.5005,85.42,41,75,19.73,broken clouds
541,Matagami,CA,49.7502,-77.6328,17.02,96,100,5.01,overcast clouds
542,The Valley,AI,18.217,-63.0578,76.1,74,3,15.52,clear sky
543,Kansanshi,ZM,-12.0951,26.4273,60.6,97,100,2.13,overcast clouds
544,Avera,US,33.194,-82.5271,56.71,88,10,6.49,clear sky
545,Corinto,GR,37.9407,22.9573,49.89,57,0,3.47,clear sky
546,Helong,CN,42.5397,128.9972,15.89,59,0,7.38,clear sky
547,Langenburg,DE,49.2544,9.8458,40.95,93,75,3.44,broken clouds
548,Gat,IL,31.61,34.7642,61.79,100,1,7.9,clear sky
549,Rosarito,MX,32.3333,-117.0333,56.35,76,100,5.01,overcast clouds
550,Itaueira,BR,-7.6033,-43.0256,71.65,82,100,3.2,overcast clouds
551,Nome,US,64.5011,-165.4064,15.87,79,100,9.22,overcast clouds
552,Bayangol,RU,50.6977,103.4656,6.75,71,47,1.97,scattered clouds
553,Saint-Augustin,CA,51.226,-58.6502,16.2,88,48,9.86,scattered clouds
554,Bud,US,39.447,-86.1758,60.06,98,100,4.56,moderate rain
555,Kawalu,ID,-7.3817,108.2082,82.58,68,95,2.95,overcast clouds
556,Nabire,ID,-3.3667,135.4833,86.22,68,86,4.97,overcast clouds
557,Lahat,ID,-3.8,103.5333,78.35,83,100,4.29,overcast clouds
558,Gornopravdinsk,RU,60.05,69.9,14.97,92,100,10.13,overcast clouds
559,Inhambane,MZ,-23.865,35.3833,82.15,63,19,7.36,light rain
560,Binga,ZW,-17.6203,27.3414,70.88,86,99,1.45,light rain
561,Maneromango,TZ,-7.1988,38.7848,82.51,57,100,7.56,overcast clouds
562,Adrar,MR,20.5022,-10.0711,59.94,17,0,9.93,clear sky
563,Dzhebariki-Khaya,RU,62.2167,135.8,-51.41,100,48,0.74,scattered clouds
564,Giyani,ZA,-23.3025,30.7187,82.17,51,12,2.13,few clouds
565,Skjervoy,NO,70.0311,20.9714,24.8,74,100,19.01,light snow
566,Dali,CN,25.7,100.1833,59.43,37,6,7.31,clear sky
567,Waspan,NI,14.7419,-83.9717,70.21,98,8,1.07,clear sky
568,Nizhniy Kuranakh,RU,58.8353,125.4869,-4.02,91,100,4.85,overcast clouds
569,Nguruka,TZ,-5.1092,31.0419,72.68,62,100,4.72,overcast clouds
570,Budaors,HU,47.4618,18.9585,44.29,96,29,3.0,scattered clouds
571,Dudinka,RU,69.4058,86.1778,-25.38,97,98,6.93,overcast clouds
572,Batticaloa,LK,7.7102,81.6924,80.64,62,3,12.82,clear sky
573,Genhe,CN,50.7833,121.5167,-2.02,94,19,3.38,few clouds
574,Havre-Saint-Pierre,CA,50.2334,-63.5986,13.87,79,48,5.21,scattered clouds
575,Thai Binh,VN,20.45,106.3333,64.35,58,100,3.47,overcast clouds
576,Pitea,SE,65.3172,21.4794,-2.11,98,55,6.13,broken clouds
577,Lorengau,PG,-2.0226,147.2712,83.61,73,20,13.58,few clouds
578,Maun,BW,-19.9833,23.4167,75.02,66,71,7.09,broken clouds
579,Turinskaya Sloboda,RU,57.6232,64.3858,23.5,96,100,4.85,light snow
580,Hohhot,CN,40.8106,111.6522,22.89,42,49,2.53,scattered clouds
581,Kedrovyy,RU,56.1667,91.8167,9.01,90,16,4.16,few clouds
582,Kysyl-Syr,RU,63.8986,122.7617,-12.96,99,100,3.74,overcast clouds
583,Mamou,GN,10.5,-12.0,61.47,25,0,3.0,clear sky
584,Demyansk,RU,57.643,32.466,32.04,95,100,12.06,light snow
585,Kangaatsiaq,GL,68.3065,-53.4641,-11.27,88,27,12.5,scattered clouds
586,Novyy Urgal,RU,51.0736,132.5642,-24.81,96,12,0.43,few clouds
587,Sao Joao Da Barra,BR,-21.6403,-41.0511,71.4,88,4,11.43,clear sky
588,Sengiley,RU,53.9622,48.7944,28.47,90,100,12.46,overcast clouds
589,Cedar City,US,37.6775,-113.0619,25.77,86,75,9.22,broken clouds
590,Mabaruma,GY,8.2,-59.7833,71.46,99,100,2.59,light rain
591,Saint Anthony,US,45.0205,-93.218,26.65,90,100,8.05,mist
592,Muli,MV,2.9167,73.5667,79.93,76,26,15.03,scattered clouds
593,Bubaque,GW,11.2833,-15.8333,78.21,69,100,5.46,overcast clouds
594,Kuytun,RU,54.3419,101.5036,3.33,96,81,5.35,broken clouds
595,Chifeng,CN,42.2683,118.9636,24.91,32,9,2.24,clear sky
596,Vila Franca Do Campo,PT,37.7167,-25.4333,57.61,86,100,11.01,overcast clouds
597,Panguipulli,CL,-39.6333,-72.3333,50.99,89,92,0.76,overcast clouds
598,Crossville,US,35.949,-85.0269,65.03,94,100,14.0,overcast clouds
599,Porto Novo,BJ,6.4965,2.6036,73.47,53,85,3.42,overcast clouds
600,Masvingo,ZW,-20.0637,30.8277,77.27,50,3,5.68,clear sky
601,Elbrus,RU,43.2577,42.6443,41.4,72,7,1.45,clear sky
602,Davila,PH,18.4726,120.5763,87.78,79,34,25.86,scattered clouds
603,Kribi,CM,2.95,9.9167,80.06,79,100,1.39,overcast clouds
604,Taunggyi,MM,20.7833,97.0333,72.28,32,3,4.54,clear sky
605,Wanning,CN,18.8003,110.3967,64.33,84,100,13.94,overcast clouds
606,Bratsk,RU,56.1325,101.6142,-1.71,97,93,5.41,overcast clouds
607,Luau,AO,-10.7073,22.2247,64.15,98,100,3.47,light rain
608,Touros,BR,-5.1989,-35.4608,76.12,87,100,9.19,overcast clouds
609,Taloqan,AF,36.7361,69.5345,44.37,23,0,3.36,clear sky
610,Namatanai,PG,-3.6667,152.4333,82.38,78,28,7.56,light rain
611,Kano,NG,12.0001,8.5167,59.72,33,7,11.39,clear sky
612,Zheleznodorozhnyy,RU,55.7503,38.0042,29.35,97,100,8.08,light snow
613,Uralets,RU,57.6614,59.6497,4.95,95,100,3.2,overcast clouds
614,Shubarshi,KZ,48.5872,57.1869,27.23,87,83,20.76,broken clouds
615,Mulchen,CL,-37.7167,-72.2333,50.13,83,0,6.46,clear sky
616,Bloemhof,ZA,-27.6469,25.607,78.03,38,0,6.13,clear sky
617,Solnechnyy,RU,50.7214,136.6319,-13.95,97,28,2.39,scattered clouds
618,Hami,CN,42.8,93.45,25.34,39,100,1.23,overcast clouds
619,Kondoa,TZ,-4.9,35.7833,72.41,57,15,10.83,few clouds
620,Sarangani,PH,5.4033,125.4636,81.18,79,100,17.43,overcast clouds
621,Havelock,US,34.8791,-76.9013,56.93,95,0,8.05,mist
622,Sergeyevka,KZ,53.88,67.4158,32.11,93,100,14.56,overcast clouds
623,Eyl,SO,7.9803,49.8164,81.3,56,32,23.62,scattered clouds
624,Badarpur,IN,24.9,92.6,77.97,38,0,3.36,clear sky
625,Mossendjo,CG,-2.9506,12.7261,72.86,91,85,0.11,overcast clouds
626,Alta Floresta,BR,-9.8756,-56.0861,68.83,99,100,2.71,overcast clouds
627,Mikhaylovka,RU,50.06,43.2379,35.78,79,100,6.69,light rain
628,Novouzensk,RU,50.4592,48.1431,32.27,64,54,12.75,broken clouds
629,College,US,64.8569,-147.8028,5.07,80,40,0.0,scattered clouds
630,Mango,US,27.9797,-82.3065,68.9,89,0,0.0,clear sky
631,Quatre Cocos,MU,-20.2078,57.7625,85.08,61,85,9.42,overcast clouds
632,Nenjiang,CN,49.1833,125.2167,3.13,89,4,3.8,clear sky
633,Mao,ES,39.8885,4.2658,50.56,100,100,5.75,fog
634,Turtas,RU,58.9417,69.1325,18.12,91,100,10.63,overcast clouds
635,Ouro Fino,BR,-22.2831,-46.3692,61.75,97,100,4.94,overcast clouds
636,Raga,SS,8.4596,25.678,75.42,24,92,9.1,overcast clouds
637,Saint-Georges,GD,12.0564,-61.7485,75.74,82,9,13.89,clear sky
638,Teruel,ES,40.6667,-0.6667,35.58,95,87,1.95,overcast clouds
639,Iskateley,RU,67.6803,53.1512,-2.25,97,98,7.58,overcast clouds
640,Cabatuan,PH,10.8794,122.486,74.98,94,100,13.49,overcast clouds
641,Veraval,IN,20.9,70.3667,78.58,32,69,8.68,broken clouds
642,Aklavik,CA,68.2191,-135.0107,-5.35,99,96,6.17,overcast clouds
643,Aykhal,RU,66.0,111.5,-10.91,93,100,5.99,overcast clouds
644,Ust-Tsilma,RU,65.441,52.1498,-1.82,99,100,2.8,light snow
645,Chico,US,39.7285,-121.8375,42.69,94,100,4.61,overcast clouds
646,Rizhao,CN,35.4275,119.4553,43.23,41,0,3.65,clear sky
647,Thaba-Tseka,LS,-29.522,28.6084,64.36,50,100,4.34,overcast clouds
648,Alice Springs,AU,-23.7,133.8833,94.55,31,96,18.41,overcast clouds
649,Zhanakorgan,KZ,43.9098,67.2495,35.37,98,100,29.93,overcast clouds
650,Takoradi,GH,4.8845,-1.7554,75.81,87,20,4.56,few clouds
651,Sant Feliu De Guixols,ES,41.7833,3.0333,48.92,11,99,5.46,light rain
652,Dire Dawa,ET,9.5931,41.8661,70.52,51,7,4.72,clear sky
653,Termoli,IT,41.9888,14.9895,53.78,79,6,4.27,clear sky
654,Port Blair,IN,11.6667,92.75,84.24,65,75,10.36,broken clouds
655,Marawi,PH,7.9986,124.2928,73.09,91,100,2.75,overcast clouds
656,Iguape,BR,-24.7081,-47.5553,71.35,95,99,5.23,overcast clouds
657,Dakar,SN,14.6937,-17.4441,72.48,52,95,14.7,overcast clouds
658,Madras,IN,13.0878,80.2785,85.98,66,40,12.66,haze
659,Thinadhoo,MV,0.5333,72.9333,80.24,74,22,9.93,few clouds
660,Camapua,BR,-19.5314,-54.0439,70.88,97,100,8.7,overcast clouds
661,Mosetse,BW,-20.75,26.65,75.79,62,40,7.16,scattered clouds
662,Rancho Palos Verdes,US,33.7445,-118.387,54.25,90,100,4.0,light rain
663,Loiza,PR,18.4313,-65.8802,75.2,84,40,0.0,scattered clouds
664,Myaundzha,RU,63.0494,147.1858,-29.29,94,100,3.51,overcast clouds
665,Qasigiannguit,GL,68.8193,-51.1922,-5.55,69,18,7.47,few clouds
666,Charters Towers,AU,-20.1,146.2667,87.69,44,18,16.55,few clouds
667,Haines Junction,CA,60.7522,-137.5108,16.86,100,100,2.66,overcast clouds
668,Talnakh,RU,69.4865,88.3972,-25.8,97,98,6.35,overcast clouds
669,Port-Gentil,GA,-0.7193,8.7815,76.96,100,75,0.0,thunderstorm
670,Falam,MM,22.9167,93.6833,68.4,30,0,3.24,clear sky
671,Oriximina,BR,-1.7656,-55.8661,72.81,94,100,2.95,overcast clouds
672,Zaysan,KZ,47.4667,84.8667,23.4,92,99,4.0,overcast clouds
673,Safranbolu,TR,41.2508,32.6942,43.36,43,0,2.06,clear sky
674,Sao Gabriel Da Cachoeira,BR,-0.1303,-67.0892,70.27,99,100,2.06,overcast clouds
675,North Vanlaiphai,IN,23.1333,93.0667,68.99,22,0,3.2,clear sky
676,Los Aquijes,PE,-14.0967,-75.6908,71.37,75,100,1.92,overcast clouds
677,Kudymkar,RU,59.0173,54.656,17.96,93,100,9.98,overcast clouds
678,Harper,LR,4.375,-7.7169,75.16,85,20,2.51,few clouds
679,Nara,JP,34.6851,135.8049,48.9,69,96,9.4,overcast clouds
680,Caluquembe,AO,-13.7833,14.6833,57.63,93,100,3.22,light rain
681,Port Moresby,PG,-9.4431,147.1797,84.99,68,24,7.45,few clouds
682,Vao,NC,-22.6667,167.4833,76.15,73,3,12.21,clear sky
683,Itupiranga,BR,-5.1347,-49.3267,71.11,98,79,2.53,broken clouds
684,Kampot,KH,10.6167,104.1833,89.65,55,100,14.65,overcast clouds
685,Stokmarknes,NO,68.5646,14.9108,35.56,69,40,5.75,light snow
686,Iberia,US,29.9502,-91.7507,73.47,83,75,21.85,broken clouds
687,Debre Tabor,ET,11.85,38.0167,60.39,47,24,4.14,few clouds
688,Adeje,ES,28.1227,-16.726,66.02,78,20,5.75,few clouds
689,Visnes,NO,59.3556,5.2242,40.21,93,75,10.36,broken clouds
690,Blagoyevo,RU,63.3667,47.9167,-7.13,99,94,4.45,overcast clouds
691,Anloga,GH,5.7947,0.8973,77.43,69,32,5.55,scattered clouds
692,Novopokrovka,UA,49.8425,36.5477,42.28,89,30,9.53,scattered clouds
693,San Francisco,US,37.7749,-122.4194,49.15,90,100,11.5,overcast clouds
694,Ardakan,IR,32.31,54.0175,47.68,30,0,1.95,clear sky
695,Leeton,AU,-34.5667,146.4,95.9,27,3,16.2,clear sky
696,Pafos,CY,34.7667,32.4167,53.38,37,20,8.05,few clouds
697,Hailar,CN,49.2,119.7,-9.47,93,6,3.69,clear sky
698,Cooma,AU,-36.2333,149.1333,65.75,83,83,10.2,light rain
699,Rundu,NA,-17.9333,19.7667,72.59,65,97,9.53,overcast clouds
700,Great Falls,US,47.5002,-111.3008,29.68,85,0,12.66,clear sky
701,Urumqi,CN,43.801,87.6005,9.55,79,10,4.47,mist
702,Ikongo,MG,-21.8833,47.4333,80.85,59,100,4.36,overcast clouds
703,Cuamba,MZ,-14.8031,36.5372,74.21,87,97,2.64,moderate rain
704,Bosilegrad,RS,42.5011,22.4724,48.18,57,100,2.86,overcast clouds
705,Darnah,LY,32.767,22.6367,59.49,67,0,6.42,clear sky
706,Porto Murtinho,BR,-21.6989,-57.8825,73.51,96,97,2.35,overcast clouds
